Workbook
Name Slicer_Availability: #N/A
Name Slicer_Category: #N/A
Name Slicer_Category1: #N/A
Name Slicer_Category2: #N/A
Name Slicer_Inventory_Val._Status: #N/A
Name Slicer_Sock_Status: #N/A

Sheet Average price per category
A3: Row Labels | B3: Average of Price
A4: Accessories (Bags, Hats, Belts) | B4: 206
A5: Automotive | B5: 421.66667
A6: Beauty & Personal Care | B6: 278.5
A7: Bedding & Bath | B7: 453
A8: Books & Stationery | B8: 388.5
A9: Cameras & Accessories | B9: 444.5
A10: Camping & Hiking | B10: 612.66667
A11: Cleaning Supplies | B11: 391.33333
A12: Clothing & Apparel | B12: 858
A13: Cycling | B13: 799.33333
A14: Fishing & Hunting | B14: 100
A15: Fitness Equipment | B15: 703.33333
... A35: Women's Clothing | B35: 518.8
A36: (blank)
A37: Grand Total | B37: 451.19

Sheet total stock per category
A3: Row Labels | B3: Sum of Stock
A4: Accessories (Bags, Hats, Belts) | B4: 677
A5: Automotive | B5: 2970
A6: Beauty & Personal Care | B6: 2862
A7: Bedding & Bath | B7: 1919
A8: Books & Stationery | B8: 2147
A9: Cameras & Accessories | B9: 1096
A10: Camping & Hiking | B10: 664
A11: Cleaning Supplies | B11: 3314
A12: Clothing & Apparel | B12: 912
A13: Cycling | B13: 1104
A14: Fishing & Hunting | B14: 802
A15: Fitness Equipment | B15: 2362
... A37: Grand Total | B37: 54645.04

Sheet Most expensive brands by avg pr
A3: Row Labels | B3: Average of Price
A4: Zimmerman, Barr and Davis | B4: 999
A5: Lewis Ltd | B5: 998
A6: Larson-Spence | B6: 985
A7: Ali-Oliver | B7: 982
A8: Barker-Murphy | B8: 982
A9: Levine, Martin and Mccann | B9: 935
A10: Williamson PLC | B10: 913
A11: Khan-Parrish | B11: 909
A12: Morales, Weaver and Fernandez | B12: 904
A13: Horn-Pope | B13: 900
A14: Henry Group | B14: 858
A15: Brennan, Archer and Rosales | B15: 845
... A103: Irwin LLC | B103: 1
A104: (blank)
A105: Grand Total | B105: 451.19

Sheet Availability count per category
A3: Row Labels | B3: Count of Availability
A4: Accessories (Bags, Hats, Belts) | B4: 0.01
A5: Automotive | B5: 0.06
A6: Beauty & Personal Care | B6: 0.04
A7: Bedding & Bath | B7: 0.04
A8: Books & Stationery | B8: 0.04
A9: Cameras & Accessories | B9: 0.02
A10: Camping & Hiking | B10: 0.03
A11: Cleaning Supplies | B11: 0.06
A12: Clothing & Apparel | B12: 0.01
A13: Cycling | B13: 0.03
A14: Fishing & Hunting | B14: 0.01
A15: Fitness Equipment | B15: 0.03
... A37: Grand Total | B37: 1

Sheet Top 10 brands by stock
A3: Row Labels | B3: Sum of Stock
A4: West Ltd | B4: 998
A5: Bonilla-Spears | B5: 988
A6: Stokes Inc | B6: 973
A7: Huff, Cameron and Stephenson | B7: 966
A8: Harrington-Valentine | B8: 950
A9: Meyers-Hess | B9: 947
A10: Irwin LLC | B10: 925
A11: Blake, Weiss and Montgomery | B11: 922
A12: Henry Group | B12: 912
A13: Gallagher and Sons | B13: 896
A14: Munoz Group | B14: 876
A15: Mccoy, Waters and Rose | B15: 870
... A105: Grand Total | B105: 54645.04

Sheet Total price per category
A3: Row Labels | B3: Sum of Price
A4: Accessories (Bags, Hats, Belts) | B4: 206
A5: Automotive | B5: 2530
A6: Beauty & Personal Care | B6: 1114
A7: Bedding & Bath | B7: 1812
A8: Books & Stationery | B8: 1554
A9: Cameras & Accessories | B9: 889
A10: Camping & Hiking | B10: 1838
A11: Cleaning Supplies | B11: 2348
A12: Clothing & Apparel | B12: 858
A13: Cycling | B13: 2398
A14: Fishing & Hunting | B14: 100
A15: Fitness Equipment | B15: 2110
... A36: Grand Total | B36: 45119

Sheet Total inventory value per cat
A3: Row Labels | B3: Sum of Inventory value
A4: Accessories (Bags, Hats, Belts) | B4: 139462
A5: Automotive | B5: 880948
A6: Beauty & Personal Care | B6: 854991
A7: Bedding & Bath | B7: 1110843
A8: Books & Stationery | B8: 821837
A9: Cameras & Accessories | B9: 479275
A10: Camping & Hiking | B10: 261748
A11: Cleaning Supplies | B11: 1425491
A12: Clothing & Apparel | B12: 782496
A13: Cycling | B13: 952757
A14: Fishing & Hunting | B14: 80200
A15: Fitness Equipment | B15: 1594452
... A37: Grand Total | B37: 24663620

Sheet Top 10 brands by inventory val
A3: Row Labels | B3: Sum of Inventory value
A4: Zimmerman, Barr and Davis | B4: 852147
A5: Ali-Oliver | B5: 789528
A6: Henry Group | B6: 782496
A7: Williamson PLC | B7: 748660
A8: Meyers-Hess | B8: 739607
A9: Khan-Parrish | B9: 724473
A10: Singleton PLC | B10: 654157
A11: Decker and Sons | B11: 646464
A12: Bonilla-Spears | B12: 569088
A13: Horn-Pope | B13: 560700
A14: Frost, Christensen and Burnett | B14: 543864
A15: Hull Inc | B15: 511695
... A105: Grand Total | B105: 24663620

Sheet Cat with the most high outliers
A3: Row Labels
A4: Accessories (Bags, Hats, Belts)
A5: Automotive
A6: Beauty & Personal Care
A7: Bedding & Bath
A8: Books & Stationery
A9: Cameras & Accessories
A10: Camping & Hiking
A11: Cleaning Supplies
A12: Clothing & Apparel
A13: Cycling
A14: Fishing & Hunting
... A37: Grand Total

Sheet Cat with the most stock outlier
A3: Row Labels
A4: Accessories (Bags, Hats, Belts)
A5: Automotive
A6: Beauty & Personal Care
A7: Bedding & Bath
A8: Books & Stationery
A9: Cameras & Accessories
A10: Camping & Hiking
A11: Cleaning Supplies
A12: Clothing & Apparel
A13: Cycling
A14: Fishing & Hunting
... A37: Grand Total

Sheet Cat stock against inv value
A3: Row Labels | B3: Count of Sock Status | C3: Count of Inventory Val. Status
A4: Accessories (Bags, Hats, Belts) | B4: 1 | C4: 1
A5: Automotive | B5: 6 | C5: 6
A6: Beauty & Personal Care | B6: 4 | C6: 4
A7: Bedding & Bath | B7: 4 | C7: 4
A8: Books & Stationery | B8: 4 | C8: 4
A9: Cameras & Accessories | B9: 2 | C9: 2
A10: Camping & Hiking | B10: 3 | C10: 3
A11: Cleaning Supplies | B11: 6 | C11: 6
A12: Clothing & Apparel | B12: 1 | C12: 1
A13: Cycling | B13: 3 | C13: 3
A14: Fishing & Hunting | B14: 1 | C14: 1
A15: Fitness Equipment | B15: 3 | C15: 3
... A35: Women's Clothing | B35: 5 | C35: 5
A36: (blank)
A37: Grand Total | B37: 100 | C37: 100

Sheet Dashboard

Sheet products
A1: Index | B1: Name | C1: Brand | D1: Category | E1: Price | F1: Currency | G1: Stock | H1: EAN | I1: Color | J1: Size | K1: Availability | L1: Internal ID | M1: Adjusted Size | N1: Stock Outliers | O1: Inventory value | P1: Price Outliers | Q1: Sock Status | R1: Inventory Val. Status | S1: Numeric Inv. Status | T1: Numeric Price Outlier | U1: CHS
A2: 68 | B2: Thermostat Trimmer | C2: Hester, Love and Lynch | D2: Accessories (Bags, Hats, Belts) | E2: 206 | F2: USD | G2: 677 | H2: 8282848236311 | I2: MidnightBlue | J2: 8x10 in | K2: discontinued | L2: 6 | M2: {=_xlfn.IFS( OR(J2="XS", J2="5x7 in"), "XS", OR(TRIM(UPPER(J2))="S", J2="Small", J2="8x10 in"), "S", OR(J2="M", J2="Medium", J2="30x40 cm"), "M", OR(J2="L", J2="Large", J2="50x70 cm"), "L", OR(J2="XL", J2="Extra Large", J2="100x200 mm"), "XL", OR(J2="XXL", J2="12x18 in"), "XXL", TRUE, "Other" )} -> S | N2: {=IFERROR((_xlfn.IFS(products[[#This Row],[Stock]]>= (_xlfn.XLOOKUP(products[[#This Row],[Category]],LOOKUPTABLE2!$A$2:$A$33,LOOKUPTABLE2!$B$2:$B$33) + _xlfn.XLOOKUP(products[[#This Row],[Category]],LOOKUPTABLE2!$A$2:$A$33,LOOKUPTABLE2!$C$2:C$33)), "High", products[[#This Row],[Stock]]<=(_xlfn.XLOOKUP(products[[#This Row],[Category]],LOOKUPTABLE2!$A$2:$A$33,LOOKUPTABLE2!$B$2:$B$33) - _xlfn.XLOOKUP(products[[#This Row],[Category]],LOOKUPTABLE2!$A$2:$A$33,LOOKUPTABLE2!$C$2:$C$33)), "Low", TRUE, "Medium")),"NULL")} -> NULL | O2: =products[[#This Row],[Price]] * products[[#This Row],[Stock]] -> 139462 | P2: {=IFERROR(_xlfn.IFS(products[[#This Row],[Price]]>= (_xlfn.XLOOKUP(products[[#This Row],[Category]],LOOKUPTABLE1!$A$2:$A$33,LOOKUPTABLE1!$B$2:$B$33) + _xlfn.XLOOKUP(products[[#This Row],[Category]],LOOKUPTABLE2!$A$2:$A$33,LOOKUPTABLE1!$C$2:C$33)), "High Outlier", products[[#This Row],[Price]]<=(_xlfn.XLOOKUP(products[[#This Row],[Category]],LOOKUPTABLE1!$A$2:$A$33,LOOKUPTABLE1!$B$2:$B$33) - _xlfn.XLOOKUP(products[[#This Row],[Category]],LOOKUPTABLE2!$A$2:$A$33,LOOKUPTABLE1!$C$2:$C$33)), "Low Outlier",TRUE, "Medium Outlier"),"NULL")} -> NULL | Q2: =IF(products[[#This Row],[Stock]] > AVERAGE(G2:G101),"High","Low") -> High | R2: =IF(products[[#This Row],[Inventory value]]>AVERAGE(O2:O101),"High","Low") -> Low | S2: =IF(products[[#This Row],[Inventory Val. Status]]="High",1,0) -> 0 | T2: =IF(products[[#This Row],[Price Outliers]]="High Outlier",1,0) -> 0 | U2: =SUM(products[[#This Row],[Numeric Inv. Status]] * 0.4,products[[#This Row],[Numeric Price Outlier ]] * 0.2,_xlfn.XLOOKUP(products[[#This Row],[Category]],LOOKUPTABLE1!$A$2:$A$33,LOOKUPTABLE1!$G$2:$G$33)*0.1,_xlfn.XLOOKUP(products[[#This Row],[Category]],LOOKUPTABLE1!$A$2:$A$33,LOOKUPTABLE1!$H$2:$H$33 )*0.1, _xlfn.XLOOKUP(products[[#This Row],[Category]],LOOKUPTABLE2!$A$2:$A$33,LOOKUPTABLE2!$G$2:$G$33)*0.1,_xlfn.XLOOKUP(products[[#This Row],[Category]],LOOKUPTABLE2!$A$2:$A$33,LOOKUPTABLE2!$H$2:$H$33)*0.1) -> 0.4
A3: 17 | B3: Eco Iron Monitor Air | C3: Barker-Murphy | D3: Automotive | E3: 982 | F3: USD | G3: 47 | H3: 7887280730963 | I3: OliveDrab | J3: XL | K3: out_of_stock | L3: 79 | M3: {=_xlfn.IFS( OR(J3="XS", J3="5x7 in"), "XS", OR(TRIM(UPPER(J3))="S", J3="Small", J3="8x10 in"), "S", OR(J3="M", J3="Medium", J3="30x40 cm"), "M", OR(J3="L", J3="Large", J3="50x70 cm"), "L", OR(J3="XL", J3="Extra Large", J3="100x200 mm"), "XL", OR(J3="XXL", J3="12x18 in"), "XXL", TRUE, "Other" )} -> XL | N3: {=IFERROR((_xlfn.IFS(products[[#This Row],[Stock]]>= (_xlfn.XLOOKUP(products[[#This Row],[Category]],LOOKUPTABLE2!$A$2:$A$33,LOOKUPTABLE2!$B$2:$B$33) + _xlfn.XLOOKUP(products[[#This Row],[Category]],LOOKUPTABLE2!$A$2:$A$33,LOOKUPTABLE2!$C$2:C$33)), "High", products[[#This Row],[Stock]]<=(_xlfn.XLOOKUP(products[[#This Row],[Category]],LOOKUPTABLE2!$A$2:$A$33,LOOKUPTABLE2!$B$2:$B$33) - _xlfn.XLOOKUP(products[[#This Row],[Category]],LOOKUPTABLE2!$A$2:$A$33,LOOKUPTABLE2!$C$2:$C$33)), "Low", TRUE, "Medium")),"NULL")} -> Low | O3: =products[[#This Row],[Price]] * products[[#This Row],[Stock]] -> 46154 | P3: {=IFERROR(_xlfn.IFS(products[[#This Row],[Price]]>= (_xlfn.XLOOKUP(products[[#This Row],[Category]],LOOKUPTABLE1!$A$2:$A$33,LOOKUPTABLE1!$B$2:$B$33) + _xlfn.XLOOKUP(products[[#This Row],[Category]],LOOKUPTABLE2!$A$2:$A$33,LOOKUPTABLE1!$C$2:C$33)), "High Outlier", products[[#This Row],[Price]]<=(_xlfn.XLOOKUP(products[[#This Row],[Category]],LOOKUPTABLE1!$A$2:$A$33,LOOKUPTABLE1!$B$2:$B$33) - _xlfn.XLOOKUP(products[[#This Row],[Category]],LOOKUPTABLE2!$A$2:$A$33,LOOKUPTABLE1!$C$2:$C$33)), "Low Outlier",TRUE, "Medium Outlier"),"NULL")} -> High Outlier | Q3: =IF(products[[#This Row],[Stock]] > AVERAGE(G3:G102),"High","Low") -> Low | R3: =IF(products[[#This Row],[Inventory value]]>AVERAGE(O3:O102),"High","Low") -> Low | S3: =IF(products[[#This Row],[Inventory Val. Status]]="High",1,0) -> 0 | T3: =IF(products[[#This Row],[Price Outliers]]="High Outlier",1,0) -> 1 | U3: =SUM(products[[#This Row],[Numeric Inv. Status]] * 0.4,products[[#This Row],[Numeric Price Outlier ]] * 0.2,_xlfn.XLOOKUP(products[[#This Row],[Category]],LOOKUPTABLE1!$A$2:$A$33,LOOKUPTABLE1!$G$2:$G$33)*0.1,_xlfn.XLOOKUP(products[[#This Row],[Category]],LOOKUPTABLE1!$A$2:$A$33,LOOKUPTABLE1!$H$2:$H$33 )*0.1, _xlfn.XLOOKUP(products[[#This Row],[Category]],LOOKUPTABLE2!$A$2:$A$33,LOOKUPTABLE2!$G$2:$G$33)*0.1,_xlfn.XLOOKUP(products[[#This Row],[Category]],LOOKUPTABLE2!$A$2:$A$33,LOOKUPTABLE2!$H$2:$H$33)*0.1) -> 0.6
A4: 80 | B4: Rechargeable Brush Compact | C4: Castro-Mccarty | D4: Automotive | E4: 748 | F4: USD | G4: 326 | H4: 6855062072649 | I4: Sienna | J4: S | K4: out_of_stock | L4: 81 | M4: {=_xlfn.IFS( OR(J4="XS", J4="5x7 in"), "XS", OR(TRIM(UPPER(J4))="S", J4="Small", J4="8x10 in"), "S", OR(J4="M", J4="Medium", J4="30x40 cm"), "M", OR(J4="L", J4="Large", J4="50x70 cm"), "L", OR(J4="XL", J4="Extra Large", J4="100x200 mm"), "XL", OR(J4="XXL", J4="12x18 in"), "XXL", TRUE, "Other" )} -> S | N4: {=IFERROR((_xlfn.IFS(products[[#This Row],[Stock]]>= (_xlfn.XLOOKUP(products[[#This Row],[Category]],LOOKUPTABLE2!$A$2:$A$33,LOOKUPTABLE2!$B$2:$B$33) + _xlfn.XLOOKUP(products[[#This Row],[Category]],LOOKUPTABLE2!$A$2:$A$33,LOOKUPTABLE2!$C$2:C$33)), "High", products[[#This Row],[Stock]]<=(_xlfn.XLOOKUP(products[[#This Row],[Category]],LOOKUPTABLE2!$A$2:$A$33,LOOKUPTABLE2!$B$2:$B$33) - _xlfn.XLOOKUP(products[[#This Row],[Category]],LOOKUPTABLE2!$A$2:$A$33,LOOKUPTABLE2!$C$2:$C$33)), "Low", TRUE, "Medium")),"NULL")} -> Medium | O4: =products[[#This Row],[Price]] * products[[#This Row],[Stock]] -> 243848 | P4: {=IFERROR(_xlfn.IFS(products[[#This Row],[Price]]>= (_xlfn.XLOOKUP(products[[#This Row],[Category]],LOOKUPTABLE1!$A$2:$A$33,LOOKUPTABLE1!$B$2:$B$33) + _xlfn.XLOOKUP(products[[#This Row],[Category]],LOOKUPTABLE2!$A$2:$A$33,LOOKUPTABLE1!$C$2:C$33)), "High Outlier", products[[#This Row],[Price]]<=(_xlfn.XLOOKUP(products[[#This Row],[Category]],LOOKUPTABLE1!$A$2:$A$33,LOOKUPTABLE1!$B$2:$B$33) - _xlfn.XLOOKUP(products[[#This Row],[Category]],LOOKUPTABLE2!$A$2:$A$33,LOOKUPTABLE1!$C$2:$C$33)), "Low Outlier",TRUE, "Medium Outlier"),"NULL")} -> Medium Outlier | Q4: =IF(products[[#This Row],[Stock]] > AVERAGE(G4:G103),"High","Low") -> Low | R4: =IF(products[[#This Row],[Inventory value]]>AVERAGE(O4:O103),"High","Low") -> Low | S4: =IF(products[[#This Row],[Inventory Val. Status]]="High",1,0) -> 0 | T4: =IF(products[[#This Row],[Price Outliers]]="High Outlier",1,0) -> 0 | U4: =SUM(products[[#This Row],[Numeric Inv. Status]] * 0.4,products[[#This Row],[Numeric Price Outlier ]] * 0.2,_xlfn.XLOOKUP(products[[#This Row],[Category]],LOOKUPTABLE1!$A$2:$A$33,LOOKUPTABLE1!$G$2:$G$33)*0.1,_xlfn.XLOOKUP(products[[#This Row],[Category]],LOOKUPTABLE1!$A$2:$A$33,LOOKUPTABLE1!$H$2:$H$33 )*0.1, _xlfn.XLOOKUP(products[[#This Row],[Category]],LOOKUPTABLE2!$A$2:$A$33,LOOKUPTABLE2!$G$2:$G$33)*0.1,_xlfn.XLOOKUP(products[[#This Row],[Category]],LOOKUPTABLE2!$A$2:$A$33,LOOKUPTABLE2!$H$2:$H$33)*0.1) -> 0.4
A5: 8 | B5: Webcam Stove Grill | C5: Morrow and Sons | D5: Automotive | E5: 159 | F5: USD | G5: 584 | H5: 9883725074294 | I5: MediumOrchid | J5: 8x10 in | K5: pre_order | L5: 50 | M5: {=_xlfn.IFS( OR(J5="XS", J5="5x7 in"), "XS", OR(TRIM(UPPER(J5))="S", J5="Small", J5="8x10 in"), "S", OR(J5="M", J5="Medium", J5="30x40 cm"), "M", OR(J5="L", J5="Large", J5="50x70 cm"), "L", OR(J5="XL", J5="Extra Large", J5="100x200 mm"), "XL", OR(J5="XXL", J5="12x18 in"), "XXL", TRUE, "Other" )} -> S | N5: {=IFERROR((_xlfn.IFS(products[[#This Row],[Stock]]>= (_xlfn.XLOOKUP(products[[#This Row],[Category]],LOOKUPTABLE2!$A$2:$A$33,LOOKUPTABLE2!$B$2:$B$33) + _xlfn.XLOOKUP(products[[#This Row],[Category]],LOOKUPTABLE2!$A$2:$A$33,LOOKUPTABLE2!$C$2:C$33)), "High", products[[#This Row],[Stock]]<=(_xlfn.XLOOKUP(products[[#This Row],[Category]],LOOKUPTABLE2!$A$2:$A$33,LOOKUPTABLE2!$B$2:$B$33) - _xlfn.XLOOKUP(products[[#This Row],[Category]],LOOKUPTABLE2!$A$2:$A$33,LOOKUPTABLE2!$C$2:$C$33)), "Low", TRUE, "Medium")),"NULL")} -> Medium | O5: =products[[#This Row],[Price]] * products[[#This Row],[Stock]] -> 92856 | P5: {=IFERROR(_xlfn.IFS(products[[#This Row],[Price]]>= (_xlfn.XLOOKUP(products[[#This Row],[Category]],LOOKUPTABLE1!$A$2:$A$33,LOOKUPTABLE1!$B$2:$B$33) + _xlfn.XLOOKUP(products[[#This Row],[Category]],LOOKUPTABLE2!$A$2:$A$33,LOOKUPTABLE1!$C$2:C$33)), "High Outlier", products[[#This Row],[Price]]<=(_xlfn.XLOOKUP(products[[#This Row],[Category]],LOOKUPTABLE1!$A$2:$A$33,LOOKUPTABLE1!$B$2:$B$33) - _xlfn.XLOOKUP(products[[#This Row],[Category]],LOOKUPTABLE2!$A$2:$A$33,LOOKUPTABLE1!$C$2:$C$33)), "Low Outlier",TRUE, "Medium Outlier"),"NULL")} -> Medium Outlier | Q5: =IF(products[[#This Row],[Stock]] > AVERAGE(G5:G104),"High","Low") -> High | R5: =IF(products[[#This Row],[Inventory value]]>AVERAGE(O5:O104),"High","Low") -> Low | S5: =IF(products[[#This Row],[Inventory Val. Status]]="High",1,0) -> 0 | T5: =IF(products[[#This Row],[Price Outliers]]="High Outlier",1,0) -> 0 | U5: =SUM(products[[#This Row],[Numeric Inv. Status]] * 0.4,products[[#This Row],[Numeric Price Outlier ]] * 0.2,_xlfn.XLOOKUP(products[[#This Row],[Category]],LOOKUPTABLE1!$A$2:$A$33,LOOKUPTABLE1!$G$2:$G$33)*0.1,_xlfn.XLOOKUP(products[[#This Row],[Category]],LOOKUPTABLE1!$A$2:$A$33,LOOKUPTABLE1!$H$2:$H$33 )*0.1, _xlfn.XLOOKUP(products[[#This Row],[Category]],LOOKUPTABLE2!$A$2:$A$33,LOOKUPTABLE2!$G$2:$G$33)*0.1,_xlfn.XLOOKUP(products[[#This Row],[Category]],LOOKUPTABLE2!$A$2:$A$33,LOOKUPTABLE2!$H$2:$H$33)*0.1) -> 0.4
A6: 14 | B6: Smart Trimmer Webcam Heater | C6: Contreras PLC | D6: Automotive | E6: 279 | F6: USD | G6: 818 | H6: 1941032767914 | I6: Gainsboro | J6: XXL | K6: pre_order | L6: 66 | M6: {=_xlfn.IFS( OR(J6="XS", J6="5x7 in"), "XS", OR(TRIM(UPPER(J6))="S", J6="Small", J6="8x10 in"), "S", OR(J6="M", J6="Medium", J6="30x40 cm"), "M", OR(J6="L", J6="Large", J6="50x70 cm"), "L", OR(J6="XL", J6="Extra Large", J6="100x200 mm"), "XL", OR(J6="XXL", J6="12x18 in"), "XXL", TRUE, "Other" )} -> XXL | N6: {=IFERROR((_xlfn.IFS(products[[#This Row],[Stock]]>= (_xlfn.XLOOKUP(products[[#This Row],[Category]],LOOKUPTABLE2!$A$2:$A$33,LOOKUPTABLE2!$B$2:$B$33) + _xlfn.XLOOKUP(products[[#This Row],[Category]],LOOKUPTABLE2!$A$2:$A$33,LOOKUPTABLE2!$C$2:C$33)), "High", products[[#This Row],[Stock]]<=(_xlfn.XLOOKUP(products[[#This Row],[Category]],LOOKUPTABLE2!$A$2:$A$33,LOOKUPTABLE2!$B$2:$B$33) - _xlfn.XLOOKUP(products[[#This Row],[Category]],LOOKUPTABLE2!$A$2:$A$33,LOOKUPTABLE2!$C$2:$C$33)), "Low", TRUE, "Medium")),"NULL")} -> High | O6: =products[[#This Row],[Price]] * products[[#This Row],[Stock]] -> 228222 | P6: {=IFERROR(_xlfn.IFS(products[[#This Row],[Price]]>= (_xlfn.XLOOKUP(products[[#This Row],[Category]],LOOKUPTABLE1!$A$2:$A$33,LOOKUPTABLE1!$B$2:$B$33) + _xlfn.XLOOKUP(products[[#This Row],[Category]],LOOKUPTABLE2!$A$2:$A$33,LOOKUPTABLE1!$C$2:C$33)), "High Outlier", products[[#This Row],[Price]]<=(_xlfn.XLOOKUP(products[[#This Row],[Category]],LOOKUPTABLE1!$A$2:$A$33,LOOKUPTABLE1!$B$2:$B$33) - _xlfn.XLOOKUP(products[[#This Row],[Category]],LOOKUPTABLE2!$A$2:$A$33,LOOKUPTABLE1!$C$2:$C$33)), "Low Outlier",TRUE, "Medium Outlier"),"NULL")} -> Medium Outlier | Q6: =IF(products[[#This Row],[Stock]] > AVERAGE(G6:G105),"High","Low") -> High | R6: =IF(products[[#This Row],[Inventory value]]>AVERAGE(O6:O105),"High","Low") -> Low | S6: =IF(products[[#This Row],[Inventory Val. Status]]="High",1,0) -> 0 | T6: =IF(products[[#This Row],[Price Outliers]]="High Outlier",1,0) -> 0 | U6: =SUM(products[[#This Row],[Numeric Inv. Status]] * 0.4,products[[#This Row],[Numeric Price Outlier ]] * 0.2,_xlfn.XLOOKUP(products[[#This Row],[Category]],LOOKUPTABLE1!$A$2:$A$33,LOOKUPTABLE1!$G$2:$G$33)*0.1,_xlfn.XLOOKUP(products[[#This Row],[Category]],LOOKUPTABLE1!$A$2:$A$33,LOOKUPTABLE1!$H$2:$H$33 )*0.1, _xlfn.XLOOKUP(products[[#This Row],[Category]],LOOKUPTABLE2!$A$2:$A$33,LOOKUPTABLE2!$G$2:$G$33)*0.1,_xlfn.XLOOKUP(products[[#This Row],[Category]],LOOKUPTABLE2!$A$2:$A$33,LOOKUPTABLE2!$H$2:$H$33)*0.1) -> 0.4
A7: 27 | B7: Portable Freezer Phone Automatic Smart | C7: Burton PLC | D7: Automotive | E7: 350 | F7: USD | G7: 756 | H7: 3486711401836 | I7: Snow | J7: XL | K7: pre_order | L7: 61 | M7: {=_xlfn.IFS( OR(J7="XS", J7="5x7 in"), "XS", OR(TRIM(UPPER(J7))="S", J7="Small", J7="8x10 in"), "S", OR(J7="M", J7="Medium", J7="30x40 cm"), "M", OR(J7="L", J7="Large", J7="50x70 cm"), "L", OR(J7="XL", J7="Extra Large", J7="100x200 mm"), "XL", OR(J7="XXL", J7="12x18 in"), "XXL", TRUE, "Other" )} -> XL | N7: {=IFERROR((_xlfn.IFS(products[[#This Row],[Stock]]>= (_xlfn.XLOOKUP(products[[#This Row],[Category]],LOOKUPTABLE2!$A$2:$A$33,LOOKUPTABLE2!$B$2:$B$33) + _xlfn.XLOOKUP(products[[#This Row],[Category]],LOOKUPTABLE2!$A$2:$A$33,LOOKUPTABLE2!$C$2:C$33)), "High", products[[#This Row],[Stock]]<=(_xlfn.XLOOKUP(products[[#This Row],[Category]],LOOKUPTABLE2!$A$2:$A$33,LOOKUPTABLE2!$B$2:$B$33) - _xlfn.XLOOKUP(products[[#This Row],[Category]],LOOKUPTABLE2!$A$2:$A$33,LOOKUPTABLE2!$C$2:$C$33)), "Low", TRUE, "Medium")),"NULL")} -> Medium | O7: =products[[#This Row],[Price]] * products[[#This Row],[Stock]] -> 264600 | P7: {=IFERROR(_xlfn.IFS(products[[#This Row],[Price]]>= (_xlfn.XLOOKUP(products[[#This Row],[Category]],LOOKUPTABLE1!$A$2:$A$33,LOOKUPTABLE1!$B$2:$B$33) + _xlfn.XLOOKUP(products[[#This Row],[Category]],LOOKUPTABLE2!$A$2:$A$33,LOOKUPTABLE1!$C$2:C$33)), "High Outlier", products[[#This Row],[Price]]<=(_xlfn.XLOOKUP(products[[#This Row],[Category]],LOOKUPTABLE1!$A$2:$A$33,LOOKUPTABLE1!$B$2:$B$33) - _xlfn.XLOOKUP(products[[#This Row],[Category]],LOOKUPTABLE2!$A$2:$A$33,LOOKUPTABLE1!$C$2:$C$33)), "Low Outlier",TRUE, "Medium Outlier"),"NULL")} -> Medium Outlier | Q7: =IF(products[[#This Row],[Stock]] > AVERAGE(G7:G106),"High","Low") -> High | R7: =IF(products[[#This Row],[Inventory value]]>AVERAGE(O7:O106),"High","Low") -> High | S7: =IF(products[[#This Row],[Inventory Val. Status]]="High",1,0) -> 1 | T7: =IF(products[[#This Row],[Price Outliers]]="High Outlier",1,0) -> 0 | U7: =SUM(products[[#This Row],[Numeric Inv. Status]] * 0.4,products[[#This Row],[Numeric Price Outlier ]] * 0.2,_xlfn.XLOOKUP(products[[#This Row],[Category]],LOOKUPTABLE1!$A$2:$A$33,LOOKUPTABLE1!$G$2:$G$33)*0.1,_xlfn.XLOOKUP(products[[#This Row],[Category]],LOOKUPTABLE1!$A$2:$A$33,LOOKUPTABLE1!$H$2:$H$33 )*0.1, _xlfn.XLOOKUP(products[[#This Row],[Category]],LOOKUPTABLE2!$A$2:$A$33,LOOKUPTABLE2!$G$2:$G$33)*0.1,_xlfn.XLOOKUP(products[[#This Row],[Category]],LOOKUPTABLE2!$A$2:$A$33,LOOKUPTABLE2!$H$2:$H$33)*0.1) -> 0.8
A8: 71 | B8: Premium Lock Mini Advanced | C8: Elliott, Mcfarland and Duran | D8: Automotive | E8: 12 | F8: USD | G8: 439 | H8: 3997003361528 | I8: Plum | J8: XS | K8: pre_order | L8: 40 | M8: {=_xlfn.IFS( OR(J8="XS", J8="5x7 in"), "XS", OR(TRIM(UPPER(J8))="S", J8="Small", J8="8x10 in"), "S", OR(J8="M", J8="Medium", J8="30x40 cm"), "M", OR(J8="L", J8="Large", J8="50x70 cm"), "L", OR(J8="XL", J8="Extra Large", J8="100x200 mm"), "XL", OR(J8="XXL", J8="12x18 in"), "XXL", TRUE, "Other" )} -> XS | N8: {=IFERROR((_xlfn.IFS(products[[#This Row],[Stock]]>= (_xlfn.XLOOKUP(products[[#This Row],[Category]],LOOKUPTABLE2!$A$2:$A$33,LOOKUPTABLE2!$B$2:$B$33) + _xlfn.XLOOKUP(products[[#This Row],[Category]],LOOKUPTABLE2!$A$2:$A$33,LOOKUPTABLE2!$C$2:C$33)), "High", products[[#This Row],[Stock]]<=(_xlfn.XLOOKUP(products[[#This Row],[Category]],LOOKUPTABLE2!$A$2:$A$33,LOOKUPTABLE2!$B$2:$B$33) - _xlfn.XLOOKUP(products[[#This Row],[Category]],LOOKUPTABLE2!$A$2:$A$33,LOOKUPTABLE2!$C$2:$C$33)), "Low", TRUE, "Medium")),"NULL")} -> Medium | O8: =products[[#This Row],[Price]] * products[[#This Row],[Stock]] -> 5268 | P8: {=IFERROR(_xlfn.IFS(products[[#This Row],[Price]]>= (_xlfn.XLOOKUP(products[[#This Row],[Category]],LOOKUPTABLE1!$A$2:$A$33,LOOKUPTABLE1!$B$2:$B$33) + _xlfn.XLOOKUP(products[[#This Row],[Category]],LOOKUPTABLE2!$A$2:$A$33,LOOKUPTABLE1!$C$2:C$33)), "High Outlier", products[[#This Row],[Price]]<=(_xlfn.XLOOKUP(products[[#This Row],[Category]],LOOKUPTABLE1!$A$2:$A$33,LOOKUPTABLE1!$B$2:$B$33) - _xlfn.XLOOKUP(products[[#This Row],[Category]],LOOKUPTABLE2!$A$2:$A$33,LOOKUPTABLE1!$C$2:$C$33)), "Low Outlier",TRUE, "Medium Outlier"),"NULL")} -> Low Outlier | Q8: =IF(products[[#This Row],[Stock]] > AVERAGE(G8:G107),"High","Low") -> Low | R8: =IF(products[[#This Row],[Inventory value]]>AVERAGE(O8:O107),"High","Low") -> Low | S8: =IF(products[[#This Row],[Inventory Val. Status]]="High",1,0) -> 0 | T8: =IF(products[[#This Row],[Price Outliers]]="High Outlier",1,0) -> 0 | U8: =SUM(products[[#This Row],[Numeric Inv. Status]] * 0.4,products[[#This Row],[Numeric Price Outlier ]] * 0.2,_xlfn.XLOOKUP(products[[#This Row],[Category]],LOOKUPTABLE1!$A$2:$A$33,LOOKUPTABLE1!$G$2:$G$33)*0.1,_xlfn.XLOOKUP(products[[#This Row],[Category]],LOOKUPTABLE1!$A$2:$A$33,LOOKUPTABLE1!$H$2:$H$33 )*0.1, _xlfn.XLOOKUP(products[[#This Row],[Category]],LOOKUPTABLE2!$A$2:$A$33,LOOKUPTABLE2!$G$2:$G$33)*0.1,_xlfn.XLOOKUP(products[[#This Row],[Category]],LOOKUPTABLE2!$A$2:$A$33,LOOKUPTABLE2!$H$2:$H$33)*0.1) -> 0.4
A9: 69 | B9: Clean Iron Premium Air Wireless | C9: Shepherd, Greene and House | D9: Beauty & Personal Care | E9: 293 | F9: USD | G9: 700 | H9: 7935749142557 | I9: GhostWhite | J9: XXL | K9: out_of_stock | L9: 5 | M9: {=_xlfn.IFS( OR(J9="XS", J9="5x7 in"), "XS", OR(TRIM(UPPER(J9))="S", J9="Small", J9="8x10 in"), "S", OR(J9="M", J9="Medium", J9="30x40 cm"), "M", OR(J9="L", J9="Large", J9="50x70 cm"), "L", OR(J9="XL", J9="Extra Large", J9="100x200 mm"), "XL", OR(J9="XXL", J9="12x18 in"), "XXL", TRUE, "Other" )} -> XXL | N9: {=IFERROR((_xlfn.IFS(products[[#This Row],[Stock]]>= (_xlfn.XLOOKUP(products[[#This Row],[Category]],LOOKUPTABLE2!$A$2:$A$33,LOOKUPTABLE2!$B$2:$B$33) + _xlfn.XLOOKUP(products[[#This Row],[Category]],LOOKUPTABLE2!$A$2:$A$33,LOOKUPTABLE2!$C$2:C$33)), "High", products[[#This Row],[Stock]]<=(_xlfn.XLOOKUP(products[[#This Row],[Category]],LOOKUPTABLE2!$A$2:$A$33,LOOKUPTABLE2!$B$2:$B$33) - _xlfn.XLOOKUP(products[[#This Row],[Category]],LOOKUPTABLE2!$A$2:$A$33,LOOKUPTABLE2!$C$2:$C$33)), "Low", TRUE, "Medium")),"NULL")} -> Medium | O9: =products[[#This Row],[Price]] * products[[#This Row],[Stock]] -> 205100 | P9: {=IFERROR(_xlfn.IFS(products[[#This Row],[Price]]>= (_xlfn.XLOOKUP(products[[#This Row],[Category]],LOOKUPTABLE1!$A$2:$A$33,LOOKUPTABLE1!$B$2:$B$33) + _xlfn.XLOOKUP(products[[#This Row],[Category]],LOOKUPTABLE2!$A$2:$A$33,LOOKUPTABLE1!$C$2:C$33)), "High Outlier", products[[#This Row],[Price]]<=(_xlfn.XLOOKUP(products[[#This Row],[Category]],LOOKUPTABLE1!$A$2:$A$33,LOOKUPTABLE1!$B$2:$B$33) - _xlfn.XLOOKUP(products[[#This Row],[Category]],LOOKUPTABLE2!$A$2:$A$33,LOOKUPTABLE1!$C$2:$C$33)), "Low Outlier",TRUE, "Medium Outlier"),"NULL")} -> Medium Outlier | Q9: =IF(products[[#This Row],[Stock]] > AVERAGE(G9:G108),"High","Low") -> High | R9: =IF(products[[#This Row],[Inventory value]]>AVERAGE(O9:O108),"High","Low") -> Low | S9: =IF(products[[#This Row],[Inventory Val. Status]]="High",1,0) -> 0 | T9: =IF(products[[#This Row],[Price Outliers]]="High Outlier",1,0) -> 0 | U9: =SUM(products[[#This Row],[Numeric Inv. Status]] * 0.4,products[[#This Row],[Numeric Price Outlier ]] * 0.2,_xlfn.XLOOKUP(products[[#This Row],[Category]],LOOKUPTABLE1!$A$2:$A$33,LOOKUPTABLE1!$G$2:$G$33)*0.1,_xlfn.XLOOKUP(products[[#This Row],[Category]],LOOKUPTABLE1!$A$2:$A$33,LOOKUPTABLE1!$H$2:$H$33 )*0.1, _xlfn.XLOOKUP(products[[#This Row],[Category]],LOOKUPTABLE2!$A$2:$A$33,LOOKUPTABLE2!$G$2:$G$33)*0.1,_xlfn.XLOOKUP(products[[#This Row],[Category]],LOOKUPTABLE2!$A$2:$A$33,LOOKUPTABLE2!$H$2:$H$33)*0.1) -> 0
A10: 53 | B10: Tablet | C10: Blake, Weiss and Montgomery | D10: Beauty & Personal Care | E10: 408 | F10: USD | G10: 922 | H10: 8183313115592 | I10: Chocolate | J10: Medium | K10: backorder | L10: 34 | M10: {=_xlfn.IFS( OR(J10="XS", J10="5x7 in"), "XS", OR(TRIM(UPPER(J10))="S", J10="Small", J10="8x10 in"), "S", OR(J10="M", J10="Medium", J10="30x40 cm"), "M", OR(J10="L", J10="Large", J10="50x70 cm"), "L", OR(J10="XL", J10="Extra Large", J10="100x200 mm"), "XL", OR(J10="XXL", J10="12x18 in"), "XXL", TRUE, "Other" )} -> M | N10: {=IFERROR((_xlfn.IFS(products[[#This Row],[Stock]]>= (_xlfn.XLOOKUP(products[[#This Row],[Category]],LOOKUPTABLE2!$A$2:$A$33,LOOKUPTABLE2!$B$2:$B$33) + _xlfn.XLOOKUP(products[[#This Row],[Category]],LOOKUPTABLE2!$A$2:$A$33,LOOKUPTABLE2!$C$2:C$33)), "High", products[[#This Row],[Stock]]<=(_xlfn.XLOOKUP(products[[#This Row],[Category]],LOOKUPTABLE2!$A$2:$A$33,LOOKUPTABLE2!$B$2:$B$33) - _xlfn.XLOOKUP(products[[#This Row],[Category]],LOOKUPTABLE2!$A$2:$A$33,LOOKUPTABLE2!$C$2:$C$33)), "Low", TRUE, "Medium")),"NULL")} -> High | O10: =products[[#This Row],[Price]] * products[[#This Row],[Stock]] -> 376176 | P10: {=IFERROR(_xlfn.IFS(products[[#This Row],[Price]]>= (_xlfn.XLOOKUP(products[[#This Row],[Category]],LOOKUPTABLE1!$A$2:$A$33,LOOKUPTABLE1!$B$2:$B$33) + _xlfn.XLOOKUP(products[[#This Row],[Category]],LOOKUPTABLE2!$A$2:$A$33,LOOKUPTABLE1!$C$2:C$33)), "High Outlier", products[[#This Row],[Price]]<=(_xlfn.XLOOKUP(products[[#This Row],[Category]],LOOKUPTABLE1!$A$2:$A$33,LOOKUPTABLE1!$B$2:$B$33) - _xlfn.XLOOKUP(products[[#This Row],[Category]],LOOKUPTABLE2!$A$2:$A$33,LOOKUPTABLE1!$C$2:$C$33)), "Low Outlier",TRUE, "Medium Outlier"),"NULL")} -> High Outlier | Q10: =IF(products[[#This Row],[Stock]] > AVERAGE(G10:G109),"High","Low") -> High | R10: =IF(products[[#This Row],[Inventory value]]>AVERAGE(O10:O109),"High","Low") -> High | S10: =IF(products[[#This Row],[Inventory Val. Status]]="High",1,0) -> 1 | T10: =IF(products[[#This Row],[Price Outliers]]="High Outlier",1,0) -> 1 | U10: =SUM(products[[#This Row],[Numeric Inv. Status]] * 0.4,products[[#This Row],[Numeric Price Outlier ]] * 0.2,_xlfn.XLOOKUP(products[[#This Row],[Category]],LOOKUPTABLE1!$A$2:$A$33,LOOKUPTABLE1!$G$2:$G$33)*0.1,_xlfn.XLOOKUP(products[[#This Row],[Category]],LOOKUPTABLE1!$A$2:$A$33,LOOKUPTABLE1!$H$2:$H$33 )*0.1, _xlfn.XLOOKUP(products[[#This Row],[Category]],LOOKUPTABLE2!$A$2:$A$33,LOOKUPTABLE2!$G$2:$G$33)*0.1,_xlfn.XLOOKUP(products[[#This Row],[Category]],LOOKUPTABLE2!$A$2:$A$33,LOOKUPTABLE2!$H$2:$H$33)*0.1) -> 0.6
A11: 63 | B11: Automatic Cooler Edge | C11: Odonnell, Boyle and Oconnor | D11: Beauty & Personal Care | E11: 124 | F11: USD | G11: 513 | H11: 6261793125392 | I11: LimeGreen | J11: 50x70 cm | K11: pre_order | L11: 83 | M11: {=_xlfn.IFS( OR(J11="XS", J11="5x7 in"), "XS", OR(TRIM(UPPER(J11))="S", J11="Small", J11="8x10 in"), "S", OR(J11="M", J11="Medium", J11="30x40 cm"), "M", OR(J11="L", J11="Large", J11="50x70 cm"), "L", OR(J11="XL", J11="Extra Large", J11="100x200 mm"), "XL", OR(J11="XXL", J11="12x18 in"), "XXL", TRUE, "Other" )} -> L | N11: {=IFERROR((_xlfn.IFS(products[[#This Row],[Stock]]>= (_xlfn.XLOOKUP(products[[#This Row],[Category]],LOOKUPTABLE2!$A$2:$A$33,LOOKUPTABLE2!$B$2:$B$33) + _xlfn.XLOOKUP(products[[#This Row],[Category]],LOOKUPTABLE2!$A$2:$A$33,LOOKUPTABLE2!$C$2:C$33)), "High", products[[#This Row],[Stock]]<=(_xlfn.XLOOKUP(products[[#This Row],[Category]],LOOKUPTABLE2!$A$2:$A$33,LOOKUPTABLE2!$B$2:$B$33) - _xlfn.XLOOKUP(products[[#This Row],[Category]],LOOKUPTABLE2!$A$2:$A$33,LOOKUPTABLE2!$C$2:$C$33)), "Low", TRUE, "Medium")),"NULL")} -> Low | O11: =products[[#This Row],[Price]] * products[[#This Row],[Stock]] -> 63612 | P11: {=IFERROR(_xlfn.IFS(products[[#This Row],[Price]]>= (_xlfn.XLOOKUP(products[[#This Row],[Category]],LOOKUPTABLE1!$A$2:$A$33,LOOKUPTABLE1!$B$2:$B$33) + _xlfn.XLOOKUP(products[[#This Row],[Category]],LOOKUPTABLE2!$A$2:$A$33,LOOKUPTABLE1!$C$2:C$33)), "High Outlier", products[[#This Row],[Price]]<=(_xlfn.XLOOKUP(products[[#This Row],[Category]],LOOKUPTABLE1!$A$2:$A$33,LOOKUPTABLE1!$B$2:$B$33) - _xlfn.XLOOKUP(products[[#This Row],[Category]],LOOKUPTABLE2!$A$2:$A$33,LOOKUPTABLE1!$C$2:$C$33)), "Low Outlier",TRUE, "Medium Outlier"),"NULL")} -> Low Outlier | Q11: =IF(products[[#This Row],[Stock]] > AVERAGE(G11:G110),"High","Low") -> Low | R11: =IF(products[[#This Row],[Inventory value]]>AVERAGE(O11:O110),"High","Low") -> Low | S11: =IF(products[[#This Row],[Inventory Val. Status]]="High",1,0) -> 0 | T11: =IF(products[[#This Row],[Price Outliers]]="High Outlier",1,0) -> 0 | U11: =SUM(products[[#This Row],[Numeric Inv. Status]] * 0.4,products[[#This Row],[Numeric Price Outlier ]] * 0.2,_xlfn.XLOOKUP(products[[#This Row],[Category]],LOOKUPTABLE1!$A$2:$A$33,LOOKUPTABLE1!$G$2:$G$33)*0.1,_xlfn.XLOOKUP(products[[#This Row],[Category]],LOOKUPTABLE1!$A$2:$A$33,LOOKUPTABLE1!$H$2:$H$33 )*0.1, _xlfn.XLOOKUP(products[[#This Row],[Category]],LOOKUPTABLE2!$A$2:$A$33,LOOKUPTABLE2!$G$2:$G$33)*0.1,_xlfn.XLOOKUP(products[[#This Row],[Category]],LOOKUPTABLE2!$A$2:$A$33,LOOKUPTABLE2!$H$2:$H$33)*0.1) -> 0
A12: 97 | B12: Fast Thermostat Microphone Scooter | C12: Shea Ltd | D12: Beauty & Personal Care | E12: 289 | F12: USD | G12: 727 | H12: 9265397743935 | I12: White | J12: Extra Large | K12: backorder | L12: 25 | M12: {=_xlfn.IFS( OR(J12="XS", J12="5x7 in"), "XS", OR(TRIM(UPPER(J12))="S", J12="Small", J12="8x10 in"), "S", OR(J12="M", J12="Medium", J12="30x40 cm"), "M", OR(J12="L", J12="Large", J12="50x70 cm"), "L", OR(J12="XL", J12="Extra Large", J12="100x200 mm"), "XL", OR(J12="XXL", J12="12x18 in"), "XXL", TRUE, "Other" )} -> XL | N12: {=IFERROR((_xlfn.IFS(products[[#This Row],[Stock]]>= (_xlfn.XLOOKUP(products[[#This Row],[Category]],LOOKUPTABLE2!$A$2:$A$33,LOOKUPTABLE2!$B$2:$B$33) + _xlfn.XLOOKUP(products[[#This Row],[Category]],LOOKUPTABLE2!$A$2:$A$33,LOOKUPTABLE2!$C$2:C$33)), "High", products[[#This Row],[Stock]]<=(_xlfn.XLOOKUP(products[[#This Row],[Category]],LOOKUPTABLE2!$A$2:$A$33,LOOKUPTABLE2!$B$2:$B$33) - _xlfn.XLOOKUP(products[[#This Row],[Category]],LOOKUPTABLE2!$A$2:$A$33,LOOKUPTABLE2!$C$2:$C$33)), "Low", TRUE, "Medium")),"NULL")} -> Medium | O12: =products[[#This Row],[Price]] * products[[#This Row],[Stock]] -> 210103 | P12: {=IFERROR(_xlfn.IFS(products[[#This Row],[Price]]>= (_xlfn.XLOOKUP(products[[#This Row],[Category]],LOOKUPTABLE1!$A$2:$A$33,LOOKUPTABLE1!$B$2:$B$33) + _xlfn.XLOOKUP(products[[#This Row],[Category]],LOOKUPTABLE2!$A$2:$A$33,LOOKUPTABLE1!$C$2:C$33)), "High Outlier", products[[#This Row],[Price]]<=(_xlfn.XLOOKUP(products[[#This Row],[Category]],LOOKUPTABLE1!$A$2:$A$33,LOOKUPTABLE1!$B$2:$B$33) - _xlfn.XLOOKUP(products[[#This Row],[Category]],LOOKUPTABLE2!$A$2:$A$33,LOOKUPTABLE1!$C$2:$C$33)), "Low Outlier",TRUE, "Medium Outlier"),"NULL")} -> Medium Outlier | Q12: =IF(products[[#This Row],[Stock]] > AVERAGE(G12:G111),"High","Low") -> High | R12: =IF(products[[#This Row],[Inventory value]]>AVERAGE(O12:O111),"High","Low") -> Low | S12: =IF(products[[#This Row],[Inventory Val. Status]]="High",1,0) -> 0 | T12: =IF(products[[#This Row],[Price Outliers]]="High Outlier",1,0) -> 0 | U12: =SUM(products[[#This Row],[Numeric Inv. Status]] * 0.4,products[[#This Row],[Numeric Price Outlier ]] * 0.2,_xlfn.XLOOKUP(products[[#This Row],[Category]],LOOKUPTABLE1!$A$2:$A$33,LOOKUPTABLE1!$G$2:$G$33)*0.1,_xlfn.XLOOKUP(products[[#This Row],[Category]],LOOKUPTABLE1!$A$2:$A$33,LOOKUPTABLE1!$H$2:$H$33 )*0.1, _xlfn.XLOOKUP(products[[#This Row],[Category]],LOOKUPTABLE2!$A$2:$A$33,LOOKUPTABLE2!$G$2:$G$33)*0.1,_xlfn.XLOOKUP(products[[#This Row],[Category]],LOOKUPTABLE2!$A$2:$A$33,LOOKUPTABLE2!$H$2:$H$33)*0.1) -> 0
A13: 22 | B13: Wireless Powerbank 360 Advanced Ultra | C13: Carney Ltd | D13: Bedding & Bath | E13: 677 | F13: USD | G13: 418 | H13: 3918763032312 | I13: Beige | J13: M | K13: out_of_stock | L13: 90 | M13: {=_xlfn.IFS( OR(J13="XS", J13="5x7 in"), "XS", OR(TRIM(UPPER(J13))="S", J13="Small", J13="8x10 in"), "S", OR(J13="M", J13="Medium", J13="30x40 cm"), "M", OR(J13="L", J13="Large", J13="50x70 cm"), "L", OR(J13="XL", J13="Extra Large", J13="100x200 mm"), "XL", OR(J13="XXL", J13="12x18 in"), "XXL", TRUE, "Other" )} -> M | N13: {=IFERROR((_xlfn.IFS(products[[#This Row],[Stock]]>= (_xlfn.XLOOKUP(products[[#This Row],[Category]],LOOKUPTABLE2!$A$2:$A$33,LOOKUPTABLE2!$B$2:$B$33) + _xlfn.XLOOKUP(products[[#This Row],[Category]],LOOKUPTABLE2!$A$2:$A$33,LOOKUPTABLE2!$C$2:C$33)), "High", products[[#This Row],[Stock]]<=(_xlfn.XLOOKUP(products[[#This Row],[Category]],LOOKUPTABLE2!$A$2:$A$33,LOOKUPTABLE2!$B$2:$B$33) - _xlfn.XLOOKUP(products[[#This Row],[Category]],LOOKUPTABLE2!$A$2:$A$33,LOOKUPTABLE2!$C$2:$C$33)), "Low", TRUE, "Medium")),"NULL")} -> Medium | O13: =products[[#This Row],[Price]] * products[[#This Row],[Stock]] -> 282986 | P13: {=IFERROR(_xlfn.IFS(products[[#This Row],[Price]]>= (_xlfn.XLOOKUP(products[[#This Row],[Category]],LOOKUPTABLE1!$A$2:$A$33,LOOKUPTABLE1!$B$2:$B$33) + _xlfn.XLOOKUP(products[[#This Row],[Category]],LOOKUPTABLE2!$A$2:$A$33,LOOKUPTABLE1!$C$2:C$33)), "High Outlier", products[[#This Row],[Price]]<=(_xlfn.XLOOKUP(products[[#This Row],[Category]],LOOKUPTABLE1!$A$2:$A$33,LOOKUPTABLE1!$B$2:$B$33) - _xlfn.XLOOKUP(products[[#This Row],[Category]],LOOKUPTABLE2!$A$2:$A$33,LOOKUPTABLE1!$C$2:$C$33)), "Low Outlier",TRUE, "Medium Outlier"),"NULL")} -> Medium Outlier | Q13: =IF(products[[#This Row],[Stock]] > AVERAGE(G13:G112),"High","Low") -> Low | R13: =IF(products[[#This Row],[Inventory value]]>AVERAGE(O13:O112),"High","Low") -> High | S13: =IF(products[[#This Row],[Inventory Val. Status]]="High",1,0) -> 1 | T13: =IF(products[[#This Row],[Price Outliers]]="High Outlier",1,0) -> 0 | U13: =SUM(products[[#This Row],[Numeric Inv. Status]] * 0.4,products[[#This Row],[Numeric Price Outlier ]] * 0.2,_xlfn.XLOOKUP(products[[#This Row],[Category]],LOOKUPTABLE1!$A$2:$A$33,LOOKUPTABLE1!$G$2:$G$33)*0.1,_xlfn.XLOOKUP(products[[#This Row],[Category]],LOOKUPTABLE1!$A$2:$A$33,LOOKUPTABLE1!$H$2:$H$33 )*0.1, _xlfn.XLOOKUP(products[[#This Row],[Category]],LOOKUPTABLE2!$A$2:$A$33,LOOKUPTABLE2!$G$2:$G$33)*0.1,_xlfn.XLOOKUP(products[[#This Row],[Category]],LOOKUPTABLE2!$A$2:$A$33,LOOKUPTABLE2!$H$2:$H$33)*0.1) -> 0.8
... A101: 86 | B101: Ultra Mixer Toaster Toaster Smart | C101: Galloway and Sons | D101: Women's Clothing | E101: 342 | F101: USD | G101: 221 | H101: 4862330962177 | I101: Tomato | J101: S | K101: pre_order | L101: 88 | M101: {=_xlfn.IFS( OR(J101="XS", J101="5x7 in"), "XS", OR(TRIM(UPPER(J101))="S", J101="Small", J101="8x10 in"), "S", OR(J101="M", J101="Medium", J101="30x40 cm"), "M", OR(J101="L", J101="Large", J101="50x70 cm"), "L", OR(J101="XL", J101="Extra Large", J101="100x200 mm"), "XL", OR(J101="XXL", J101="12x18 in"), "XXL", TRUE, "Other" )} -> S | N101: {=IFERROR((_xlfn.IFS(products[[#This Row],[Stock]]>= (_xlfn.XLOOKUP(products[[#This Row],[Category]],LOOKUPTABLE2!$A$2:$A$33,LOOKUPTABLE2!$B$2:$B$33) + _xlfn.XLOOKUP(products[[#This Row],[Category]],LOOKUPTABLE2!$A$2:$A$33,LOOKUPTABLE2!$C$2:C$33)), "High", products[[#This Row],[Stock]]<=(_xlfn.XLOOKUP(products[[#This Row],[Category]],LOOKUPTABLE2!$A$2:$A$33,LOOKUPTABLE2!$B$2:$B$33) - _xlfn.XLOOKUP(products[[#This Row],[Category]],LOOKUPTABLE2!$A$2:$A$33,LOOKUPTABLE2!$C$2:$C$33)), "Low", TRUE, "Medium")),"NULL")} -> Medium | O101: =products[[#This Row],[Price]] * products[[#This Row],[Stock]] -> 75582 | P101: {=IFERROR(_xlfn.IFS(products[[#This Row],[Price]]>= (_xlfn.XLOOKUP(products[[#This Row],[Category]],LOOKUPTABLE1!$A$2:$A$33,LOOKUPTABLE1!$B$2:$B$33) + _xlfn.XLOOKUP(products[[#This Row],[Category]],LOOKUPTABLE2!$A$2:$A$33,LOOKUPTABLE1!$C$2:C$33)), "High Outlier", products[[#This Row],[Price]]<=(_xlfn.XLOOKUP(products[[#This Row],[Category]],LOOKUPTABLE1!$A$2:$A$33,LOOKUPTABLE1!$B$2:$B$33) - _xlfn.XLOOKUP(products[[#This Row],[Category]],LOOKUPTABLE2!$A$2:$A$33,LOOKUPTABLE1!$C$2:$C$33)), "Low Outlier",TRUE, "Medium Outlier"),"NULL")} -> Medium Outlier | Q101: =IF(products[[#This Row],[Stock]] > AVERAGE(G101:G200),"High","Low") -> Low | R101: =IF(products[[#This Row],[Inventory value]]>AVERAGE(O101:O200),"High","Low") -> Low | S101: =IF(products[[#This Row],[Inventory Val. Status]]="High",1,0) -> 0 | T101: =IF(products[[#This Row],[Price Outliers]]="High Outlier",1,0) -> 0 | U101: =SUM(products[[#This Row],[Numeric Inv. Status]] * 0.4,products[[#This Row],[Numeric Price Outlier ]] * 0.2,_xlfn.XLOOKUP(products[[#This Row],[Category]],LOOKUPTABLE1!$A$2:$A$33,LOOKUPTABLE1!$G$2:$G$33)*0.1,_xlfn.XLOOKUP(products[[#This Row],[Category]],LOOKUPTABLE1!$A$2:$A$33,LOOKUPTABLE1!$H$2:$H$33 )*0.1, _xlfn.XLOOKUP(products[[#This Row],[Category]],LOOKUPTABLE2!$A$2:$A$33,LOOKUPTABLE2!$G$2:$G$33)*0.1,_xlfn.XLOOKUP(products[[#This Row],[Category]],LOOKUPTABLE2!$A$2:$A$33,LOOKUPTABLE2!$H$2:$H$33)*0.1) -> 0.2
G102: =AVERAGE(G2:G101) -> 541.04 | M102: {=_xlfn.IFS( OR(J102="XS", J102="5x7 in"), "XS", OR(TRIM(UPPER(J102))="S", J102="Small", J102="8x10 in"), "S", OR(J102="M", J102="Medium", J102="30x40 cm"), "M", OR(J102="L", J102="Large", J102="50x70 cm"), "L", OR(J102="XL", J102="Extra Large", J102="100x200 mm"), "XL", OR(J102="XXL", J102="12x18 in"), "XXL", TRUE, "Other" )} -> Other | N102: {=_xlfn.IFS( products[[#This Row],[Stock]]>= _xlfn.XLOOKUP(#REF!,T:T,U:U) + _xlfn.XLOOKUP(#REF!,T:T,V:V), "High", products[[#This Row],[Stock]]<=_xlfn.XLOOKUP(#REF!,T:T,U:U) - _xlfn.XLOOKUP(#REF!,T:T,V:V), "Low", TRUE, "Medium")} -> #REF! | O102: =AVERAGE(O2:O101) -> 244194.26 | U102: =AVERAGE(U2:U101) -> 0.41
C137: =COUNT(C105:C135) -> 0
D139: =MIN(E2:E101) -> 1

Sheet LOOKUPTABLE1
A1: CATEGORY | B1: Average price | C1: SD | D1: CV | E1: VOLATILITY | F1: STABILITY | G1: Numeric VOLATILITY | H1: Numeric STABILITY
A2: {=_xlfn.UNIQUE(products[Category])} -> Accessories (Bags, Hats, Belts) | B2: =AVERAGEIF(products[Category],A2,products[Price]) -> 206 | C2: {=IFERROR(_xlfn.STDEV.S(IF(products[Category]=A2,products[Price])), "NULL")} -> NULL | D2: =IFERROR(Table6[[#This Row],[SD]]/Table6[[#This Row],[Average price]], "NULL") -> NULL | E2: =IF(Table6[[#This Row],[CV]] > AVERAGE( D2:D33), "High Volatility", "Low Volatility") -> High Volatility | F2: =IF(Table6[[#This Row],[VOLATILITY]]="High volatility", "Stable","Unstable") -> Stable | G2: =IF(Table6[[#This Row],[VOLATILITY]]="High Volatility",1,0) -> 1 | H2: =IF(Table6[[#This Row],[STABILITY]] = "Stable",1,0) -> 1
A3: Automotive | B3: =AVERAGEIF(products[Category],A3,products[Price]) -> 421.66667 | C3: {=IFERROR(_xlfn.STDEV.S(IF(products[Category]=A3,products[Price])), "NULL")} -> 369.53412 | D3: =IFERROR(Table6[[#This Row],[SD]]/Table6[[#This Row],[Average price]], "NULL") -> 0.8763655 | E3: =IF(Table6[[#This Row],[CV]] > AVERAGE( D3:D34), "High Volatility", "Low Volatility") -> High Volatility | F3: =IF(Table6[[#This Row],[VOLATILITY]]="High volatility", "Stable","Unstable") -> Stable | G3: =IF(Table6[[#This Row],[VOLATILITY]]="High Volatility",1,0) -> 1 | H3: =IF(Table6[[#This Row],[STABILITY]] = "Stable",1,0) -> 1
A4: Beauty & Personal Care | B4: =AVERAGEIF(products[Category],A4,products[Price]) -> 278.5 | C4: {=IFERROR(_xlfn.STDEV.S(IF(products[Category]=A4,products[Price])), "NULL")} -> 116.84891 | D4: =IFERROR(Table6[[#This Row],[SD]]/Table6[[#This Row],[Average price]], "NULL") -> 0.41956519 | E4: =IF(Table6[[#This Row],[CV]] > AVERAGE( D4:D35), "High Volatility", "Low Volatility") -> Low Volatility | F4: =IF(Table6[[#This Row],[VOLATILITY]]="High volatility", "Stable","Unstable") -> Unstable | G4: =IF(Table6[[#This Row],[VOLATILITY]]="High Volatility",1,0) -> 0 | H4: =IF(Table6[[#This Row],[STABILITY]] = "Stable",1,0) -> 0
A5: Bedding & Bath | B5: =AVERAGEIF(products[Category],A5,products[Price]) -> 453 | C5: {=IFERROR(_xlfn.STDEV.S(IF(products[Category]=A5,products[Price])), "NULL")} -> 338.00592 | D5: =IFERROR(Table6[[#This Row],[SD]]/Table6[[#This Row],[Average price]], "NULL") -> 0.74614993 | E5: =IF(Table6[[#This Row],[CV]] > AVERAGE( D5:D36), "High Volatility", "Low Volatility") -> High Volatility | F5: =IF(Table6[[#This Row],[VOLATILITY]]="High volatility", "Stable","Unstable") -> Stable | G5: =IF(Table6[[#This Row],[VOLATILITY]]="High Volatility",1,0) -> 1 | H5: =IF(Table6[[#This Row],[STABILITY]] = "Stable",1,0) -> 1
A6: Books & Stationery | B6: =AVERAGEIF(products[Category],A6,products[Price]) -> 388.5 | C6: {=IFERROR(_xlfn.STDEV.S(IF(products[Category]=A6,products[Price])), "NULL")} -> 105.71187 | D6: =IFERROR(Table6[[#This Row],[SD]]/Table6[[#This Row],[Average price]], "NULL") -> 0.27210263 | E6: =IF(Table6[[#This Row],[CV]] > AVERAGE( D6:D37), "High Volatility", "Low Volatility") -> Low Volatility | F6: =IF(Table6[[#This Row],[VOLATILITY]]="High volatility", "Stable","Unstable") -> Unstable | G6: =IF(Table6[[#This Row],[VOLATILITY]]="High Volatility",1,0) -> 0 | H6: =IF(Table6[[#This Row],[STABILITY]] = "Stable",1,0) -> 0
A7: Cameras & Accessories | B7: =AVERAGEIF(products[Category],A7,products[Price]) -> 444.5 | C7: {=IFERROR(_xlfn.STDEV.S(IF(products[Category]=A7,products[Price])), "NULL")} -> 105.35891 | D7: =IFERROR(Table6[[#This Row],[SD]]/Table6[[#This Row],[Average price]], "NULL") -> 0.23702792 | E7: =IF(Table6[[#This Row],[CV]] > AVERAGE( D7:D38), "High Volatility", "Low Volatility") -> Low Volatility | F7: =IF(Table6[[#This Row],[VOLATILITY]]="High volatility", "Stable","Unstable") -> Unstable | G7: =IF(Table6[[#This Row],[VOLATILITY]]="High Volatility",1,0) -> 0 | H7: =IF(Table6[[#This Row],[STABILITY]] = "Stable",1,0) -> 0
A8: Camping & Hiking | B8: =AVERAGEIF(products[Category],A8,products[Price]) -> 612.66667 | C8: {=IFERROR(_xlfn.STDEV.S(IF(products[Category]=A8,products[Price])), "NULL")} -> 378.68501 | D8: =IFERROR(Table6[[#This Row],[SD]]/Table6[[#This Row],[Average price]], "NULL") -> 0.61809304 | E8: =IF(Table6[[#This Row],[CV]] > AVERAGE( D8:D39), "High Volatility", "Low Volatility") -> High Volatility | F8: =IF(Table6[[#This Row],[VOLATILITY]]="High volatility", "Stable","Unstable") -> Stable | G8: =IF(Table6[[#This Row],[VOLATILITY]]="High Volatility",1,0) -> 1 | H8: =IF(Table6[[#This Row],[STABILITY]] = "Stable",1,0) -> 1
A9: Cleaning Supplies | B9: =AVERAGEIF(products[Category],A9,products[Price]) -> 391.33333 | C9: {=IFERROR(_xlfn.STDEV.S(IF(products[Category]=A9,products[Price])), "NULL")} -> 315.18989 | D9: =IFERROR(Table6[[#This Row],[SD]]/Table6[[#This Row],[Average price]], "NULL") -> 0.80542561 | E9: =IF(Table6[[#This Row],[CV]] > AVERAGE( D9:D40), "High Volatility", "Low Volatility") -> High Volatility | F9: =IF(Table6[[#This Row],[VOLATILITY]]="High volatility", "Stable","Unstable") -> Stable | G9: =IF(Table6[[#This Row],[VOLATILITY]]="High Volatility",1,0) -> 1 | H9: =IF(Table6[[#This Row],[STABILITY]] = "Stable",1,0) -> 1
A10: Clothing & Apparel | B10: =AVERAGEIF(products[Category],A10,products[Price]) -> 858 | C10: {=IFERROR(_xlfn.STDEV.S(IF(products[Category]=A10,products[Price])), "NULL")} -> NULL | D10: =IFERROR(Table6[[#This Row],[SD]]/Table6[[#This Row],[Average price]], "NULL") -> NULL | E10: =IF(Table6[[#This Row],[CV]] > AVERAGE( D10:D41), "High Volatility", "Low Volatility") -> High Volatility | F10: =IF(Table6[[#This Row],[VOLATILITY]]="High volatility", "Stable","Unstable") -> Stable | G10: =IF(Table6[[#This Row],[VOLATILITY]]="High Volatility",1,0) -> 1 | H10: =IF(Table6[[#This Row],[STABILITY]] = "Stable",1,0) -> 1
A11: Cycling | B11: =AVERAGEIF(products[Category],A11,products[Price]) -> 799.33333 | C11: {=IFERROR(_xlfn.STDEV.S(IF(products[Category]=A11,products[Price])), "NULL")} -> 110.00152 | D11: =IFERROR(Table6[[#This Row],[SD]]/Table6[[#This Row],[Average price]], "NULL") -> 0.13761657 | E11: =IF(Table6[[#This Row],[CV]] > AVERAGE( D11:D42), "High Volatility", "Low Volatility") -> Low Volatility | F11: =IF(Table6[[#This Row],[VOLATILITY]]="High volatility", "Stable","Unstable") -> Unstable | G11: =IF(Table6[[#This Row],[VOLATILITY]]="High Volatility",1,0) -> 0 | H11: =IF(Table6[[#This Row],[STABILITY]] = "Stable",1,0) -> 0
A12: Fishing & Hunting | B12: =AVERAGEIF(products[Category],A12,products[Price]) -> 100 | C12: {=IFERROR(_xlfn.STDEV.S(IF(products[Category]=A12,products[Price])), "NULL")} -> NULL | D12: =IFERROR(Table6[[#This Row],[SD]]/Table6[[#This Row],[Average price]], "NULL") -> NULL | E12: =IF(Table6[[#This Row],[CV]] > AVERAGE( D12:D43), "High Volatility", "Low Volatility") -> High Volatility | F12: =IF(Table6[[#This Row],[VOLATILITY]]="High volatility", "Stable","Unstable") -> Stable | G12: =IF(Table6[[#This Row],[VOLATILITY]]="High Volatility",1,0) -> 1 | H12: =IF(Table6[[#This Row],[STABILITY]] = "Stable",1,0) -> 1
A13: Fitness Equipment | B13: =AVERAGEIF(products[Category],A13,products[Price]) -> 703.33333 | C13: {=IFERROR(_xlfn.STDEV.S(IF(products[Category]=A13,products[Price])), "NULL")} -> 189.55826 | D13: =IFERROR(Table6[[#This Row],[SD]]/Table6[[#This Row],[Average price]], "NULL") -> 0.26951411 | E13: =IF(Table6[[#This Row],[CV]] > AVERAGE( D13:D44), "High Volatility", "Low Volatility") -> Low Volatility | F13: =IF(Table6[[#This Row],[VOLATILITY]]="High volatility", "Stable","Unstable") -> Unstable | G13: =IF(Table6[[#This Row],[VOLATILITY]]="High Volatility",1,0) -> 0 | H13: =IF(Table6[[#This Row],[STABILITY]] = "Stable",1,0) -> 0
A14: Fragrances | B14: =AVERAGEIF(products[Category],A14,products[Price]) -> 477.5 | C14: {=IFERROR(_xlfn.STDEV.S(IF(products[Category]=A14,products[Price])), "NULL")} -> 281.60788 | D14: =IFERROR(Table6[[#This Row],[SD]]/Table6[[#This Row],[Average price]], "NULL") -> 0.58975473 | E14: =IF(Table6[[#This Row],[CV]] > AVERAGE( D14:D45), "High Volatility", "Low Volatility") -> Low Volatility | F14: =IF(Table6[[#This Row],[VOLATILITY]]="High volatility", "Stable","Unstable") -> Unstable | G14: =IF(Table6[[#This Row],[VOLATILITY]]="High Volatility",1,0) -> 0 | H14: =IF(Table6[[#This Row],[STABILITY]] = "Stable",1,0) -> 0
... A33: Women's Clothing | B33: =AVERAGEIF(products[Category],A33,products[Price]) -> 518.8 | C33: {=IFERROR(_xlfn.STDEV.S(IF(products[Category]=A33,products[Price])), "NULL")} -> 235.75029 | D33: =IFERROR(Table6[[#This Row],[SD]]/Table6[[#This Row],[Average price]], "NULL") -> 0.45441459 | E33: =IF(Table6[[#This Row],[CV]] > AVERAGE( D33:D64), "High Volatility", "Low Volatility") -> Low Volatility | F33: =IF(Table6[[#This Row],[VOLATILITY]]="High volatility", "Stable","Unstable") -> Unstable | G33: =IF(Table6[[#This Row],[VOLATILITY]]="High Volatility",1,0) -> 0 | H33: =IF(Table6[[#This Row],[STABILITY]] = "Stable",1,0) -> 0
A34: 0 | D34: =AVERAGE(Table6[CV]) -> 0.56393865

Sheet LOOKUPTABLE2
A1: CATEGORY | B1: Average Stock | C1: SD | D1: CV | E1: VOLATILITY | F1: STABILITY | G1: Numeric VOLATILITY | H1: Numeric STABILITY
A2: {=_xlfn.UNIQUE(products[Category])} -> Accessories (Bags, Hats, Belts) | B2: =AVERAGEIF(products[Category],A2,products[Stock]) -> 677 | C2: {=IFERROR((_xlfn.STDEV.S(IF(products[Category]=A2,products[Stock]))),"NULL")} -> NULL | D2: =IFERROR(Table2[[#This Row],[SD]]/Table2[[#This Row],[Average Stock]],"NULL") -> NULL | E2: =IF(Table2[[#This Row],[CV]] > AVERAGE(D2:D33),"High Volatility","Low volatility") -> High Volatility | F2: =IF(Table2[[#This Row],[VOLATILITY]]="High Volatility","Stable","Unstable") -> Stable | G2: =IF(Table2[[#This Row],[VOLATILITY]]="High Volatility",1,0) -> 1 | H2: =IF(Table2[[#This Row],[STABILITY]]="Stable",1,0) -> 1
A3: Automotive | B3: =AVERAGEIF(products[Category],A3,products[Stock]) -> 495 | C3: {=IFERROR((_xlfn.STDEV.S(IF(products[Category]=A3,products[Stock]))),"NULL")} -> 287.32281 | D3: =IFERROR(Table2[[#This Row],[SD]]/Table2[[#This Row],[Average Stock]],"NULL") -> 0.58045013 | E3: =IF(Table2[[#This Row],[CV]] > AVERAGE(D3:D34),"High Volatility","Low volatility") -> High Volatility | F3: =IF(Table2[[#This Row],[VOLATILITY]]="High Volatility","Stable","Unstable") -> Stable | G3: =IF(Table2[[#This Row],[VOLATILITY]]="High Volatility",1,0) -> 1 | H3: =IF(Table2[[#This Row],[STABILITY]]="Stable",1,0) -> 1
A4: Beauty & Personal Care | B4: =AVERAGEIF(products[Category],A4,products[Stock]) -> 715.5 | C4: {=IFERROR((_xlfn.STDEV.S(IF(products[Category]=A4,products[Stock]))),"NULL")} -> 167.35292 | D4: =IFERROR(Table2[[#This Row],[SD]]/Table2[[#This Row],[Average Stock]],"NULL") -> 0.23389646 | E4: =IF(Table2[[#This Row],[CV]] > AVERAGE(D4:D35),"High Volatility","Low volatility") -> Low volatility | F4: =IF(Table2[[#This Row],[VOLATILITY]]="High Volatility","Stable","Unstable") -> Unstable | G4: =IF(Table2[[#This Row],[VOLATILITY]]="High Volatility",1,0) -> 0 | H4: =IF(Table2[[#This Row],[STABILITY]]="Stable",1,0) -> 0
A5: Bedding & Bath | B5: =AVERAGEIF(products[Category],A5,products[Stock]) -> 479.75 | C5: {=IFERROR((_xlfn.STDEV.S(IF(products[Category]=A5,products[Stock]))),"NULL")} -> 331.03008 | D5: =IFERROR(Table2[[#This Row],[SD]]/Table2[[#This Row],[Average Stock]],"NULL") -> 0.69000539 | E5: =IF(Table2[[#This Row],[CV]] > AVERAGE(D5:D36),"High Volatility","Low volatility") -> High Volatility | F5: =IF(Table2[[#This Row],[VOLATILITY]]="High Volatility","Stable","Unstable") -> Stable | G5: =IF(Table2[[#This Row],[VOLATILITY]]="High Volatility",1,0) -> 1 | H5: =IF(Table2[[#This Row],[STABILITY]]="Stable",1,0) -> 1
A6: Books & Stationery | B6: =AVERAGEIF(products[Category],A6,products[Stock]) -> 536.75 | C6: {=IFERROR((_xlfn.STDEV.S(IF(products[Category]=A6,products[Stock]))),"NULL")} -> 304.93975 | D6: =IFERROR(Table2[[#This Row],[SD]]/Table2[[#This Row],[Average Stock]],"NULL") -> 0.56812249 | E6: =IF(Table2[[#This Row],[CV]] > AVERAGE(D6:D37),"High Volatility","Low volatility") -> High Volatility | F6: =IF(Table2[[#This Row],[VOLATILITY]]="High Volatility","Stable","Unstable") -> Stable | G6: =IF(Table2[[#This Row],[VOLATILITY]]="High Volatility",1,0) -> 1 | H6: =IF(Table2[[#This Row],[STABILITY]]="Stable",1,0) -> 1
A7: Cameras & Accessories | B7: =AVERAGEIF(products[Category],A7,products[Stock]) -> 548 | C7: {=IFERROR((_xlfn.STDEV.S(IF(products[Category]=A7,products[Stock]))),"NULL")} -> 74.953319 | D7: =IFERROR(Table2[[#This Row],[SD]]/Table2[[#This Row],[Average Stock]],"NULL") -> 0.13677613 | E7: =IF(Table2[[#This Row],[CV]] > AVERAGE(D7:D38),"High Volatility","Low volatility") -> Low volatility | F7: =IF(Table2[[#This Row],[VOLATILITY]]="High Volatility","Stable","Unstable") -> Unstable | G7: =IF(Table2[[#This Row],[VOLATILITY]]="High Volatility",1,0) -> 0 | H7: =IF(Table2[[#This Row],[STABILITY]]="Stable",1,0) -> 0
A8: Camping & Hiking | B8: =AVERAGEIF(products[Category],A8,products[Stock]) -> 221.33333 | C8: {=IFERROR((_xlfn.STDEV.S(IF(products[Category]=A8,products[Stock]))),"NULL")} -> 193.88742 | D8: =IFERROR(Table2[[#This Row],[SD]]/Table2[[#This Row],[Average Stock]],"NULL") -> 0.8759974 | E8: =IF(Table2[[#This Row],[CV]] > AVERAGE(D8:D39),"High Volatility","Low volatility") -> High Volatility | F8: =IF(Table2[[#This Row],[VOLATILITY]]="High Volatility","Stable","Unstable") -> Stable | G8: =IF(Table2[[#This Row],[VOLATILITY]]="High Volatility",1,0) -> 1 | H8: =IF(Table2[[#This Row],[STABILITY]]="Stable",1,0) -> 1
A9: Cleaning Supplies | B9: =AVERAGEIF(products[Category],A9,products[Stock]) -> 552.33333 | C9: {=IFERROR((_xlfn.STDEV.S(IF(products[Category]=A9,products[Stock]))),"NULL")} -> 367.35414 | D9: =IFERROR(Table2[[#This Row],[SD]]/Table2[[#This Row],[Average Stock]],"NULL") -> 0.66509501 | E9: =IF(Table2[[#This Row],[CV]] > AVERAGE(D9:D40),"High Volatility","Low volatility") -> High Volatility | F9: =IF(Table2[[#This Row],[VOLATILITY]]="High Volatility","Stable","Unstable") -> Stable | G9: =IF(Table2[[#This Row],[VOLATILITY]]="High Volatility",1,0) -> 1 | H9: =IF(Table2[[#This Row],[STABILITY]]="Stable",1,0) -> 1
A10: Clothing & Apparel | B10: =AVERAGEIF(products[Category],A10,products[Stock]) -> 912 | C10: {=IFERROR((_xlfn.STDEV.S(IF(products[Category]=A10,products[Stock]))),"NULL")} -> NULL | D10: =IFERROR(Table2[[#This Row],[SD]]/Table2[[#This Row],[Average Stock]],"NULL") -> NULL | E10: =IF(Table2[[#This Row],[CV]] > AVERAGE(D10:D41),"High Volatility","Low volatility") -> High Volatility | F10: =IF(Table2[[#This Row],[VOLATILITY]]="High Volatility","Stable","Unstable") -> Stable | G10: =IF(Table2[[#This Row],[VOLATILITY]]="High Volatility",1,0) -> 1 | H10: =IF(Table2[[#This Row],[STABILITY]]="Stable",1,0) -> 1
A11: Cycling | B11: =AVERAGEIF(products[Category],A11,products[Stock]) -> 368 | C11: {=IFERROR((_xlfn.STDEV.S(IF(products[Category]=A11,products[Stock]))),"NULL")} -> 371.53331 | D11: =IFERROR(Table2[[#This Row],[SD]]/Table2[[#This Row],[Average Stock]],"NULL") -> 1.0096014 | E11: =IF(Table2[[#This Row],[CV]] > AVERAGE(D11:D42),"High Volatility","Low volatility") -> High Volatility | F11: =IF(Table2[[#This Row],[VOLATILITY]]="High Volatility","Stable","Unstable") -> Stable | G11: =IF(Table2[[#This Row],[VOLATILITY]]="High Volatility",1,0) -> 1 | H11: =IF(Table2[[#This Row],[STABILITY]]="Stable",1,0) -> 1
A12: Fishing & Hunting | B12: =AVERAGEIF(products[Category],A12,products[Stock]) -> 802 | C12: {=IFERROR((_xlfn.STDEV.S(IF(products[Category]=A12,products[Stock]))),"NULL")} -> NULL | D12: =IFERROR(Table2[[#This Row],[SD]]/Table2[[#This Row],[Average Stock]],"NULL") -> NULL | E12: =IF(Table2[[#This Row],[CV]] > AVERAGE(D12:D43),"High Volatility","Low volatility") -> High Volatility | F12: =IF(Table2[[#This Row],[VOLATILITY]]="High Volatility","Stable","Unstable") -> Stable | G12: =IF(Table2[[#This Row],[VOLATILITY]]="High Volatility",1,0) -> 1 | H12: =IF(Table2[[#This Row],[STABILITY]]="Stable",1,0) -> 1
A13: Fitness Equipment | B13: =AVERAGEIF(products[Category],A13,products[Stock]) -> 787.33333 | C13: {=IFERROR((_xlfn.STDEV.S(IF(products[Category]=A13,products[Stock]))),"NULL")} -> 204.68838 | D13: =IFERROR(Table2[[#This Row],[SD]]/Table2[[#This Row],[Average Stock]],"NULL") -> 0.25997678 | E13: =IF(Table2[[#This Row],[CV]] > AVERAGE(D13:D44),"High Volatility","Low volatility") -> Low volatility | F13: =IF(Table2[[#This Row],[VOLATILITY]]="High Volatility","Stable","Unstable") -> Unstable | G13: =IF(Table2[[#This Row],[VOLATILITY]]="High Volatility",1,0) -> 0 | H13: =IF(Table2[[#This Row],[STABILITY]]="Stable",1,0) -> 0
A14: Fragrances | B14: =AVERAGEIF(products[Category],A14,products[Stock]) -> 508 | C14: {=IFERROR((_xlfn.STDEV.S(IF(products[Category]=A14,products[Stock]))),"NULL")} -> 111.79445 | D14: =IFERROR(Table2[[#This Row],[SD]]/Table2[[#This Row],[Average Stock]],"NULL") -> 0.22006782 | E14: =IF(Table2[[#This Row],[CV]] > AVERAGE(D14:D45),"High Volatility","Low volatility") -> Low volatility | F14: =IF(Table2[[#This Row],[VOLATILITY]]="High Volatility","Stable","Unstable") -> Unstable | G14: =IF(Table2[[#This Row],[VOLATILITY]]="High Volatility",1,0) -> 0 | H14: =IF(Table2[[#This Row],[STABILITY]]="Stable",1,0) -> 0
... A33: Women's Clothing | B33: =AVERAGEIF(products[Category],A33,products[Stock]) -> 437.4 | C33: {=IFERROR((_xlfn.STDEV.S(IF(products[Category]=A33,products[Stock]))),"NULL")} -> 278.88403 | D33: =IFERROR(Table2[[#This Row],[SD]]/Table2[[#This Row],[Average Stock]],"NULL") -> 0.63759494 | E33: =IF(Table2[[#This Row],[CV]] > AVERAGE(D33:D64),"High Volatility","Low volatility") -> High Volatility | F33: =IF(Table2[[#This Row],[VOLATILITY]]="High Volatility","Stable","Unstable") -> Stable | G33: =IF(Table2[[#This Row],[VOLATILITY]]="High Volatility",1,0) -> 1 | H33: =IF(Table2[[#This Row],[STABILITY]]="Stable",1,0) -> 1
A34: 0 | D34: =AVERAGE(D2:D33) -> 0.51264599
